ts,host,target,mode,dataset,parallel,rep,wall_ms,mean_ms,p50_ms,p95_ms,p99_ms,imgs_per_s,bytes_in,bytes_out,rss_kb,rss_source
1791219310,nevers1dd,native,noop,d640,1,0,2.003030000196304,,,,,,,,12628,self_vmhwm
1791219310,nevers1dd,wasmtime,noop,d640,1,0,9.929911999279284,,,,,,,,22300,child_rusage
1791219310,nevers1dd,docker,noop,d640,1,0,159.26312999999936,,,,,,,,30300,self_vmhwm
1791219310,nevers1dd,native,noop,d640,1,1,1.6726809999454417,,,,,,,,12648,self_vmhwm
1791219310,nevers1dd,wasmtime,noop,d640,1,1,8.362456999748247,,,,,,,,22012,child_rusage
1791219311,nevers1dd,docker,noop,d640,1,1,141.60824200007482,,,,,,,,30368,self_vmhwm
1791219311,nevers1dd,native,noop,d640,1,2,1.6021690007619327,,,,,,,,12648,self_vmhwm
1791219311,nevers1dd,wasmtime,noop,d640,1,2,8.245029000136128,,,,,,,,22100,child_rusage
1791219311,nevers1dd,docker,noop,d640,1,2,152.1953070005111,,,,,,,,30652,self_vmhwm
1791219311,nevers1dd,native,noop,d640,1,3,1.5866929998082924,,,,,,,,12652,self_vmhwm
1791219311,nevers1dd,wasmtime,noop,d640,1,3,8.398214999942866,,,,,,,,22088,child_rusage
1791219311,nevers1dd,docker,noop,d640,1,3,135.2021370003058,,,,,,,,30864,self_vmhwm
1791219311,nevers1dd,native,noop,d640,1,4,1.6417920005551423,,,,,,,,12656,self_vmhwm
1791219311,nevers1dd,wasmtime,noop,d640,1,4,8.170019000317552,,,,,,,,22260,child_rusage
1791219311,nevers1dd,docker,noop,d640,1,4,161.1568909993366,,,,,,,,32952,self_vmhwm
1791219311,nevers1dd,native,noop,d640,1,5,1.5707990005466854,,,,,,,,12656,self_vmhwm
1791219311,nevers1dd,wasmtime,noop,d640,1,5,8.328535000146076,,,,,,,,22084,child_rusage
1791219311,nevers1dd,docker,noop,d640,1,5,148.9313480005876,,,,,,,,32620,self_vmhwm
1791219311,nevers1dd,native,noop,d640,1,6,2.0174580004095333,,,,,,,,12656,self_vmhwm
1791219311,nevers1dd,wasmtime,noop,d640,1,6,8.647173000099428,,,,,,,,22080,child_rusage
1791219311,nevers1dd,docker,noop,d640,1,6,157.20012800011318,,,,,,,,33012,self_vmhwm
1791219311,nevers1dd,native,noop,d640,1,7,1.6686479993950343,,,,,,,,12708,self_vmhwm
1791219311,nevers1dd,wasmtime,noop,d640,1,7,8.092617000329483,,,,,,,,22176,child_rusage
1791219312,nevers1dd,docker,noop,d640,1,7,150.443962999816,,,,,,,,31212,self_vmhwm
1791219312,nevers1dd,native,noop,d640,1,8,1.7000969992295722,,,,,,,,12656,self_vmhwm
1791219312,nevers1dd,wasmtime,noop,d640,1,8,8.104597999590624,,,,,,,,22248,child_rusage
1791219312,nevers1dd,docker,noop,d640,1,8,146.67469100004382,,,,,,,,32608,self_vmhwm
1791219312,nevers1dd,native,noop,d640,1,9,1.6734110004108516,,,,,,,,12656,self_vmhwm
1791219312,nevers1dd,wasmtime,noop,d640,1,9,8.313293999890448,,,,,,,,22252,child_rusage
1791219312,nevers1dd,docker,noop,d640,1,9,155.45881600064604,,,,,,,,34488,self_vmhwm
1791219312,nevers1dd,native,noop,d640,1,10,1.677464000749751,,,,,,,,12656,self_vmhwm
1791219312,nevers1dd,wasmtime,noop,d640,1,10,8.108934000119916,,,,,,,,22248,child_rusage
1791219312,nevers1dd,docker,noop,d640,1,10,150.9861490003459,,,,,,,,30296,self_vmhwm
1791219312,nevers1dd,native,noop,d640,1,11,1.6215949999605073,,,,,,,,12656,self_vmhwm
1791219312,nevers1dd,wasmtime,noop,d640,1,11,8.097973999610986,,,,,,,,22000,child_rusage
1791219312,nevers1dd,docker,noop,d640,1,11,146.93615000032878,,,,,,,,31072,self_vmhwm
1791219312,nevers1dd,native,noop,d640,1,12,1.6942069996730424,,,,,,,,12656,self_vmhwm
1791219312,nevers1dd,wasmtime,noop,d640,1,12,8.281933000034769,,,,,,,,22060,child_rusage
1791219312,nevers1dd,docker,noop,d640,1,12,151.4959109999836,,,,,,,,31064,self_vmhwm
1791219312,nevers1dd,native,noop,d640,1,13,1.6573519997109543,,,,,,,,12656,self_vmhwm
1791219312,nevers1dd,wasmtime,noop,d640,1,13,8.434469999883731,,,,,,,,21908,child_rusage
1791219313,nevers1dd,docker,noop,d640,1,13,141.30939500046225,,,,,,,,30776,self_vmhwm
1791219313,nevers1dd,native,noop,d640,1,14,1.6716780000933795,,,,,,,,12656,self_vmhwm
1791219313,nevers1dd,wasmtime,noop,d640,1,14,8.178498000233958,,,,,,,,21980,child_rusage
1791219313,nevers1dd,docker,noop,d640,1,14,154.71130700007052,,,,,,,,30692,self_vmhwm
1791219313,nevers1dd,native,full,d640,1,0,437.442,10.936,10.82,12.015,13.018,91.441,9641453,1068997,7656,self_vmhwm
1791219314,nevers1dd,wasmtime,full,d640,1,0,775.659,19.39,19.08,21.195,21.707,51.569,9641453,1068992,26752,child_rusage
1791219315,nevers1dd,docker,full,d640,1,0,573.914,14.348,14.264,15.656,16.383,69.697,9641453,1068992,4796,self_vmhwm
1791219315,nevers1dd,native,full,d640,1,1,440.056,11.001,10.856,12.225,13.098,90.897,9641453,1068997,7724,self_vmhwm
1791219316,nevers1dd,wasmtime,full,d640,1,1,781.361,19.533,19.495,20.686,21.256,51.193,9641453,1068992,26812,child_rusage
1791219317,nevers1dd,docker,full,d640,1,1,586.958,14.674,14.598,16.242,17.914,68.148,9641453,1068992,4780,self_vmhwm
1791219317,nevers1dd,native,full,d640,1,2,441.858,11.046,10.844,11.915,13.106,90.527,9641453,1068997,7812,self_vmhwm
1791219318,nevers1dd,wasmtime,full,d640,1,2,771.418,19.284,19.267,20.221,21.696,51.853,9641453,1068992,27004,child_rusage
1791219319,nevers1dd,docker,full,d640,1,2,579.161,14.479,14.284,15.965,16.226,69.065,9641453,1068992,4828,self_vmhwm
1791219319,nevers1dd,native,full,d640,2,0,449.826,,,,,177.847,,,,self_vmhwm
1791219320,nevers1dd,wasmtime,full,d640,2,0,802.927,,,,,99.635,,,,child_rusage
1791219321,nevers1dd,docker,full,d640,2,0,790.115,,,,,101.251,,,,self_vmhwm
1791219321,nevers1dd,native,full,d640,2,1,451.592,,,,,177.151,,,,self_vmhwm
1791219322,nevers1dd,wasmtime,full,d640,2,1,803.310,,,,,99.588,,,,child_rusage
1791219323,nevers1dd,docker,full,d640,2,1,773.637,,,,,103.408,,,,self_vmhwm
1791219323,nevers1dd,native,full,d640,2,2,453.558,,,,,176.383,,,,self_vmhwm
1791219324,nevers1dd,wasmtime,full,d640,2,2,818.656,,,,,97.721,,,,child_rusage
1791219325,nevers1dd,docker,full,d640,2,2,793.395,,,,,100.833,,,,self_vmhwm
1791219325,nevers1dd,native,full,d640,4,0,483.511,,,,,330.913,,,,self_vmhwm
1791219326,nevers1dd,wasmtime,full,d640,4,0,858.413,,,,,186.390,,,,child_rusage
1791219327,nevers1dd,docker,full,d640,4,0,906.711,,,,,176.462,,,,self_vmhwm
1791219328,nevers1dd,native,full,d640,4,1,478.894,,,,,334.103,,,,self_vmhwm
1791219329,nevers1dd,wasmtime,full,d640,4,1,873.440,,,,,183.184,,,,child_rusage
1791219329,nevers1dd,docker,full,d640,4,1,892.805,,,,,179.210,,,,self_vmhwm
1791219330,nevers1dd,native,full,d640,4,2,482.421,,,,,331.660,,,,self_vmhwm
1791219331,nevers1dd,wasmtime,full,d640,4,2,863.646,,,,,185.261,,,,child_rusage
1791219332,nevers1dd,docker,full,d640,4,2,918.955,,,,,174.111,,,,self_vmhwm
1791219332,nevers1dd,native,full,d1080,1,0,657.714,54.809,54.481,57.647,57.746,18.245,19214218,171134,20808,self_vmhwm
1791219334,nevers1dd,wasmtime,full,d1080,1,0,1117.639,93.135,93.738,97.41,97.733,10.737,19214218,171131,40152,child_rusage
1791219334,nevers1dd,docker,full,d1080,1,0,814.329,67.86,67.945,70.326,70.783,14.736,19214218,171131,16512,self_vmhwm
1791219335,nevers1dd,native,full,d1080,1,1,666.141,55.511,54.953,57.619,61.852,18.014,19214218,171134,20764,self_vmhwm
1791219336,nevers1dd,wasmtime,full,d1080,1,1,1106.49,92.206,92.688,95.265,96.329,10.845,19214218,171131,40104,child_rusage
1791219337,nevers1dd,docker,full,d1080,1,1,811.136,67.594,67.743,69.724,70.293,14.794,19214218,171131,16384,self_vmhwm
1791219338,nevers1dd,native,full,d1080,1,2,654.102,54.508,54.173,55.907,58.403,18.346,19214218,171134,20536,self_vmhwm
1791219339,nevers1dd,wasmtime,full,d1080,1,2,1110.581,92.547,92.373,96.568,96.726,10.805,19214218,171131,40156,child_rusage
1791219340,nevers1dd,docker,full,d1080,1,2,818.425,68.202,68.562,70.182,71.36,14.662,19214218,171131,16596,self_vmhwm
1791219341,nevers1dd,native,full,d1080,2,0,686.486,,,,,34.961,,,,self_vmhwm
1791219342,nevers1dd,wasmtime,full,d1080,2,0,1184.033,,,,,20.270,,,,child_rusage
1791219343,nevers1dd,docker,full,d1080,2,0,1031.223,,,,,23.273,,,,self_vmhwm
1791219344,nevers1dd,native,full,d1080,2,1,683.522,,,,,35.112,,,,self_vmhwm
1791219345,nevers1dd,wasmtime,full,d1080,2,1,1155.447,,,,,20.771,,,,child_rusage
1791219346,nevers1dd,docker,full,d1080,2,1,1028.473,,,,,23.336,,,,self_vmhwm
1791219347,nevers1dd,native,full,d1080,2,2,671.967,,,,,35.716,,,,self_vmhwm
1791219348,nevers1dd,wasmtime,full,d1080,2,2,1147.950,,,,,20.907,,,,child_rusage
1791219349,nevers1dd,docker,full,d1080,2,2,1117.320,,,,,21.480,,,,self_vmhwm
1791219350,nevers1dd,native,full,d1080,4,0,721.834,,,,,66.497,,,,self_vmhwm
1791219351,nevers1dd,wasmtime,full,d1080,4,0,1238.792,,,,,38.747,,,,child_rusage
1791219352,nevers1dd,docker,full,d1080,4,0,1177.508,,,,,40.764,,,,self_vmhwm
1791219353,nevers1dd,native,full,d1080,4,1,719.022,,,,,66.757,,,,self_vmhwm
1791219354,nevers1dd,wasmtime,full,d1080,4,1,1321.956,,,,,36.310,,,,child_rusage
1791219355,nevers1dd,docker,full,d1080,4,1,1191.363,,,,,40.290,,,,self_vmhwm
1791219356,nevers1dd,native,full,d1080,4,2,725.771,,,,,66.137,,,,self_vmhwm
1791219357,nevers1dd,wasmtime,full,d1080,4,2,1236.025,,,,,38.834,,,,child_rusage
1791219358,nevers1dd,docker,full,d1080,4,2,1144.189,,,,,41.951,,,,self_vmhwm
1791219359,nevers1dd,native,no-io,d640,1,0,433.467,10.837,10.672,12.101,13.232,92.279,9641453,1068997,16948,self_vmhwm
1791219360,nevers1dd,wasmtime,no-io,d640,1,0,767.164,19.178,19.088,20.441,20.862,52.14,9641453,1068992,36064,child_rusage
1791219360,nevers1dd,docker,no-io,d640,1,0,571.824,14.295,14.215,15.307,15.954,69.952,9641453,1068992,13936,self_vmhwm
1791219361,nevers1dd,native,no-io,d640,1,1,434.551,10.864,10.614,11.954,13.006,92.049,9641453,1068997,16968,self_vmhwm
1791219362,nevers1dd,wasmtime,no-io,d640,1,1,763.358,19.083,19.017,19.936,21.302,52.4,9641453,1068992,36200,child_rusage
1791219362,nevers1dd,docker,no-io,d640,1,1,571.619,14.29,14.191,15.421,16.381,69.977,9641453,1068992,13872,self_vmhwm
1791219363,nevers1dd,native,no-io,d640,1,2,434.882,10.872,10.785,11.836,12.868,91.979,9641453,1068997,16936,self_vmhwm
1791219364,nevers1dd,wasmtime,no-io,d640,1,2,774.581,19.364,19.284,20.527,20.645,51.641,9641453,1068992,36068,child_rusage
1791219364,nevers1dd,docker,no-io,d640,1,2,577.652,14.441,14.308,15.749,16.032,69.246,9641453,1068992,13932,self_vmhwm
1791219365,nevers1dd,native,no-io,d1080,1,0,651.471,54.289,54.62,56.866,57.363,18.42,19214218,171134,37756,self_vmhwm
1791219366,nevers1dd,wasmtime,no-io,d1080,1,0,1111.185,92.597,92.961,95.36,96.41,10.799,19214218,171131,57204,child_rusage
1791219367,nevers1dd,docker,no-io,d1080,1,0,825.979,68.831,68.94,71.23,72.683,14.528,19214218,171131,33624,self_vmhwm
1791219368,nevers1dd,native,no-io,d1080,1,1,655.426,54.619,54.554,57.399,58.109,18.309,19214218,171134,37736,self_vmhwm
1791219369,nevers1dd,wasmtime,no-io,d1080,1,1,1150.742,95.894,95.496,100.05,104.342,10.428,19214218,171131,57140,child_rusage
1791219370,nevers1dd,docker,no-io,d1080,1,1,810.34,67.528,67.888,70.736,70.784,14.809,19214218,171131,33560,self_vmhwm
1791219371,nevers1dd,native,no-io,d1080,1,2,660.153,55.013,55.453,56.857,58.385,18.178,19214218,171134,37748,self_vmhwm
1791219372,nevers1dd,wasmtime,no-io,d1080,1,2,1116.408,93.033,94.046,95.267,96.511,10.749,19214218,171131,57300,child_rusage
1791219373,nevers1dd,docker,no-io,d1080,1,2,826.045,68.837,68.874,70.47,76.546,14.527,19214218,171131,33524,self_vmhwm
1791219373,nevers1dd,native,decode-only,d640,1,0,130.294,3.257,3.256,3.794,4.123,306.998,9641453,0,4608,self_vmhwm
1791219373,nevers1dd,wasmtime,decode-only,d640,1,0,294.684,7.366,7.389,8.065,8.208,135.739,9641453,0,24380,child_rusage
1791219374,nevers1dd,docker,decode-only,d640,1,0,218.463,5.461,5.437,6.18,6.68,183.097,9641453,0,2192,self_vmhwm
1791219374,nevers1dd,native,decode-only,d640,1,1,131.088,3.277,3.26,3.851,4.02,305.14,9641453,0,4676,self_vmhwm
1791219374,nevers1dd,wasmtime,decode-only,d640,1,1,296.139,7.403,7.306,8.409,8.657,135.072,9641453,0,24408,child_rusage
1791219374,nevers1dd,docker,decode-only,d640,1,1,217.213,5.43,5.366,6.265,6.459,184.151,9641453,0,2192,self_vmhwm
1791219375,nevers1dd,native,decode-only,d640,1,2,130.99,3.275,3.285,3.895,4.105,305.368,9641453,0,4824,self_vmhwm
1791219375,nevers1dd,wasmtime,decode-only,d640,1,2,294.35,7.358,7.4,8.304,8.378,135.892,9641453,0,24340,child_rusage
1791219375,nevers1dd,docker,decode-only,d640,1,2,219.05,5.476,5.47,6.219,7.524,182.607,9641453,0,2192,self_vmhwm
1791219376,nevers1dd,native,decode-only,d1080,1,0,263.25,21.937,21.874,25.111,25.161,45.584,19214218,0,12856,self_vmhwm
1791219376,nevers1dd,wasmtime,decode-only,d1080,1,0,593.949,49.494,50.579,52.799,53.079,20.204,19214218,0,34960,child_rusage
1791219377,nevers1dd,docker,decode-only,d1080,1,0,422.494,35.207,34.922,38.603,39.469,28.403,19214218,0,10416,self_vmhwm
1791219377,nevers1dd,native,decode-only,d1080,1,1,258.706,21.559,21.272,22.945,24.178,46.385,19214218,0,12840,self_vmhwm
1791219378,nevers1dd,wasmtime,decode-only,d1080,1,1,582.81,48.566,48.828,51.362,52.167,20.59,19214218,0,32272,child_rusage
1791219378,nevers1dd,docker,decode-only,d1080,1,1,428.805,35.733,35.491,38.248,44.622,27.985,19214218,0,10392,self_vmhwm
1791219378,nevers1dd,native,decode-only,d1080,1,2,259.599,21.633,21.451,23.606,24.441,46.225,19214218,0,12768,self_vmhwm
1791219379,nevers1dd,wasmtime,decode-only,d1080,1,2,581.172,48.43,49.114,51.603,52.653,20.648,19214218,0,32432,child_rusage
1791219380,nevers1dd,docker,decode-only,d1080,1,2,418.737,34.894,35.496,37.622,37.66,28.658,19214218,0,10224,self_vmhwm
1791219380,nevers1dd,native,resize-only,d640,1,0,371.51,9.288,9.231,10.087,11.279,107.669,9641453,0,7536,self_vmhwm
1791219381,nevers1dd,wasmtime,resize-only,d640,1,0,692.034,17.3,17.485,18.368,19.742,57.801,9641453,0,27232,child_rusage
1791219382,nevers1dd,docker,resize-only,d640,1,0,488.774,12.219,12.163,12.981,15.345,81.837,9641453,0,4784,self_vmhwm
1791219382,nevers1dd,native,resize-only,d640,1,1,371.504,9.288,9.185,9.964,11.121,107.671,9641453,0,7500,self_vmhwm
1791219383,nevers1dd,wasmtime,resize-only,d640,1,1,675.425,16.885,16.807,17.972,18.371,59.222,9641453,0,27016,child_rusage
1791219383,nevers1dd,docker,resize-only,d640,1,1,483.033,12.076,11.993,13.206,13.329,82.81,9641453,0,4768,self_vmhwm
1791219384,nevers1dd,native,resize-only,d640,1,2,366.431,9.161,9.066,9.949,10.772,109.161,9641453,0,7628,self_vmhwm
1791219384,nevers1dd,wasmtime,resize-only,d640,1,2,683.44,17.085,16.886,18.78,19.756,58.527,9641453,0,26916,child_rusage
1791219385,nevers1dd,docker,resize-only,d640,1,2,478.617,11.965,12.062,12.955,13.423,83.574,9641453,0,4812,self_vmhwm
1791219386,nevers1dd,native,resize-only,d1080,1,0,634.42,52.868,53.348,54.517,55.165,18.915,19214218,0,20592,self_vmhwm
1791219387,nevers1dd,wasmtime,resize-only,d1080,1,0,1080.14,90.01,89.892,92.808,95.112,11.11,19214218,0,42072,child_rusage
1791219388,nevers1dd,docker,resize-only,d1080,1,0,786.801,65.566,65.517,68.738,69.784,15.252,19214218,0,16484,self_vmhwm
1791219389,nevers1dd,native,resize-only,d1080,1,1,631.313,52.609,53.064,54.038,54.759,19.008,19214218,0,20404,self_vmhwm
1791219390,nevers1dd,wasmtime,resize-only,d1080,1,1,1086.811,90.566,91.211,94.409,94.767,11.041,19214218,0,40132,child_rusage
1791219391,nevers1dd,docker,resize-only,d1080,1,1,794.337,66.194,66.2,68.356,71.453,15.107,19214218,0,16492,self_vmhwm
1791219391,nevers1dd,native,resize-only,d1080,1,2,637.979,53.165,53.222,55.523,56.073,18.809,19214218,0,20596,self_vmhwm
1791219392,nevers1dd,wasmtime,resize-only,d1080,1,2,1081.532,90.126,90.906,93.299,93.463,11.095,19214218,0,40128,child_rusage
1791219393,nevers1dd,docker,resize-only,d1080,1,2,802.183,66.848,66.697,69.601,70.081,14.959,19214218,0,16468,self_vmhwm
1791219393,nevers1dd,native,io-only,d640,1,0,4.903,0.122,0.109,0.19,0.284,8157.457,9641453,9641453,3372,self_vmhwm
1791219393,nevers1dd,wasmtime,io-only,d640,1,0,5.16,0.129,0.115,0.179,0.318,7752.115,9641453,9641453,23228,child_rusage
1791219394,nevers1dd,docker,io-only,d640,1,0,6.126,0.153,0.143,0.22,0.245,6529.935,9641453,9641453,820,self_vmhwm
1791219394,nevers1dd,native,io-only,d640,1,1,4.861,0.121,0.107,0.187,0.303,8228.247,9641453,9641453,3488,self_vmhwm
1791219394,nevers1dd,wasmtime,io-only,d640,1,1,5.16,0.129,0.119,0.183,0.285,7751.815,9641453,9641453,23412,child_rusage
1791219394,nevers1dd,docker,io-only,d640,1,1,5.601,0.14,0.138,0.159,0.188,7141.091,9641453,9641453,760,self_vmhwm
1791219394,nevers1dd,native,io-only,d640,1,2,4.388,0.11,0.106,0.151,0.247,9115.677,9641453,9641453,3336,self_vmhwm
1791219394,nevers1dd,wasmtime,io-only,d640,1,2,4.688,0.117,0.112,0.142,0.256,8532.592,9641453,9641453,23400,child_rusage
1791219394,nevers1dd,docker,io-only,d640,1,2,5.619,0.14,0.141,0.164,0.195,7118.25,9641453,9641453,880,self_vmhwm
1791219394,nevers1dd,native,io-only,d1080,1,0,8.435,0.703,0.61,1.003,1.212,1422.574,19214218,19214218,6384,self_vmhwm
1791219394,nevers1dd,wasmtime,io-only,d1080,1,0,8.703,0.725,0.646,1.245,1.315,1378.763,19214218,19214218,24272,child_rusage
1791219394,nevers1dd,docker,io-only,d1080,1,0,10.551,0.879,0.847,0.993,1.052,1137.369,19214218,19214218,2348,self_vmhwm
1791219394,nevers1dd,native,io-only,d1080,1,1,9.15,0.762,0.666,1.099,1.344,1311.456,19214218,19214218,6400,self_vmhwm
1791219394,nevers1dd,wasmtime,io-only,d1080,1,1,8.07,0.672,0.647,0.779,1.051,1486.936,19214218,19214218,24416,child_rusage
1791219394,nevers1dd,docker,io-only,d1080,1,1,9.928,0.827,0.825,0.904,1.0,1208.727,19214218,19214218,2348,self_vmhwm
1791219394,nevers1dd,native,io-only,d1080,1,2,8.631,0.719,0.624,1.046,1.221,1390.288,19214218,19214218,6252,self_vmhwm
1791219394,nevers1dd,wasmtime,io-only,d1080,1,2,8.641,0.719,0.653,1.025,1.03,1388.659,19214218,19214218,24560,child_rusage
1791219395,nevers1dd,docker,io-only,d1080,1,2,9.902,0.825,0.835,0.903,0.974,1211.865,19214218,19214218,2156,self_vmhwm
1791219406,nevers1dd,native,full,dsmall,1,0,11683.452,5.842,5.741,6.226,6.449,171.182,127665133,81187234,5532,self_vmhwm
1791219425,nevers1dd,wasmtime,full,dsmall,1,0,18341.211,9.17,9.05,9.894,11.328,109.044,127665133,81187126,24936,child_rusage
1791219440,nevers1dd,docker,full,dsmall,1,0,15217.691,7.609,7.538,8.19,8.636,131.426,127665133,81187126,2728,self_vmhwm
1791219452,nevers1dd,native,full,dsmall,1,1,11638.428,5.819,5.769,6.244,6.51,171.845,127665133,81187234,5532,self_vmhwm
1791219470,nevers1dd,wasmtime,full,dsmall,1,1,18374.958,9.187,9.133,9.889,10.365,108.844,127665133,81187126,25040,child_rusage
1791219486,nevers1dd,docker,full,dsmall,1,1,15194.217,7.597,7.528,8.124,8.466,131.629,127665133,81187126,2712,self_vmhwm
1791219497,nevers1dd,native,full,dsmall,1,2,11546.064,5.773,5.739,6.199,6.46,173.219,127665133,81187234,5564,self_vmhwm
1791219516,nevers1dd,wasmtime,full,dsmall,1,2,18278.924,9.139,9.081,9.853,10.528,109.416,127665133,81187126,24684,child_rusage
1791219531,nevers1dd,docker,full,dsmall,1,2,15247.395,7.624,7.552,8.138,8.525,131.17,127665133,81187126,2704,self_vmhwm
1791219543,nevers1dd,native,full,dsmall,2,0,11684.589,,,,,342.331,,,,self_vmhwm
1791219562,nevers1dd,wasmtime,full,dsmall,2,0,18545.260,,,,,215.689,,,,child_rusage
1791219578,nevers1dd,docker,full,dsmall,2,0,16085.960,,,,,248.664,,,,self_vmhwm
1791219590,nevers1dd,native,full,dsmall,2,1,11697.469,,,,,341.954,,,,self_vmhwm
1791219608,nevers1dd,wasmtime,full,dsmall,2,1,18319.186,,,,,218.350,,,,child_rusage
1791219624,nevers1dd,docker,full,dsmall,2,1,15862.877,,,,,252.161,,,,self_vmhwm
1791219636,nevers1dd,native,full,dsmall,2,2,11579.471,,,,,345.439,,,,self_vmhwm
1791219655,nevers1dd,wasmtime,full,dsmall,2,2,18470.706,,,,,216.559,,,,child_rusage
1791219671,nevers1dd,docker,full,dsmall,2,2,15822.289,,,,,252.808,,,,self_vmhwm
1791219684,nevers1dd,native,full,dsmall,4,0,12513.464,,,,,639.311,,,,self_vmhwm
1791219704,nevers1dd,wasmtime,full,dsmall,4,0,19873.549,,,,,402.545,,,,child_rusage
1791219721,nevers1dd,docker,full,dsmall,4,0,17004.570,,,,,470.462,,,,self_vmhwm
1791219734,nevers1dd,native,full,dsmall,4,1,12490.835,,,,,640.470,,,,self_vmhwm
1791219754,nevers1dd,wasmtime,full,dsmall,4,1,19913.817,,,,,401.731,,,,child_rusage
1791219771,nevers1dd,docker,full,dsmall,4,1,17045.722,,,,,469.326,,,,self_vmhwm
1791219784,nevers1dd,native,full,dsmall,4,2,12601.105,,,,,634.865,,,,self_vmhwm
1791219805,nevers1dd,wasmtime,full,dsmall,4,2,19870.670,,,,,402.603,,,,child_rusage
1791219822,nevers1dd,docker,full,dsmall,4,2,17022.827,,,,,469.957,,,,self_vmhwm
1791219822,nevers1dd,native,io-only,dsmall,1,0,60.795,0.03,0.028,0.041,0.074,32897.344,127665133,127665133,3296,self_vmhwm
1791219822,nevers1dd,wasmtime,io-only,dsmall,1,0,72.296,0.036,0.033,0.048,0.08,27664.181,127665133,127665133,23488,child_rusage
1791219822,nevers1dd,docker,io-only,dsmall,1,0,108.404,0.054,0.052,0.066,0.091,18449.462,127665133,127665133,800,self_vmhwm
1791219822,nevers1dd,native,io-only,dsmall,1,1,85.599,0.043,0.038,0.053,0.079,23364.718,127665133,127665133,3408,self_vmhwm
1791219823,nevers1dd,wasmtime,io-only,dsmall,1,1,97.173,0.048,0.044,0.061,0.09,20581.914,127665133,127665133,23212,child_rusage
1791219823,nevers1dd,docker,io-only,dsmall,1,1,113.675,0.057,0.054,0.08,0.101,17594.06,127665133,127665133,832,self_vmhwm
1791219823,nevers1dd,native,io-only,dsmall,1,2,81.822,0.041,0.036,0.047,0.062,24443.258,127665133,127665133,3484,self_vmhwm
1791219823,nevers1dd,wasmtime,io-only,dsmall,1,2,96.375,0.048,0.041,0.052,0.066,20752.261,127665133,127665133,23316,child_rusage
1791219824,nevers1dd,docker,io-only,dsmall,1,2,113.925,0.057,0.055,0.075,0.093,17555.418,127665133,127665133,792,self_vmhwm
1791219825,nevers1dd,native,decode-only,dsmall,1,0,1693.424,0.847,0.846,0.946,1.015,1181.039,127665133,0,3904,self_vmhwm
1791219829,nevers1dd,wasmtime,decode-only,dsmall,1,0,3780.423,1.89,1.888,2.059,2.199,529.041,127665133,0,23508,child_rusage
1791219832,nevers1dd,docker,decode-only,dsmall,1,0,2822.114,1.411,1.411,1.548,1.624,708.689,127665133,0,1276,self_vmhwm
1791219834,nevers1dd,native,decode-only,dsmall,1,1,1675.821,0.838,0.833,0.934,1.12,1193.445,127665133,0,3716,self_vmhwm
1791219838,nevers1dd,wasmtime,decode-only,dsmall,1,1,3776.969,1.888,1.888,2.047,2.152,529.525,127665133,0,23492,child_rusage
1791219841,nevers1dd,docker,decode-only,dsmall,1,1,2839.237,1.42,1.418,1.567,1.685,704.415,127665133,0,1260,self_vmhwm
1791219842,nevers1dd,native,decode-only,dsmall,1,2,1668.549,0.834,0.832,0.934,1.002,1198.646,127665133,0,3840,self_vmhwm
1791219846,nevers1dd,wasmtime,decode-only,dsmall,1,2,3776.884,1.888,1.889,2.057,2.165,529.537,127665133,0,23584,child_rusage
1791219849,nevers1dd,docker,decode-only,dsmall,1,2,2830.229,1.415,1.411,1.566,1.728,706.657,127665133,0,1300,self_vmhwm
1791220453,nevers1dd,firecracker,full,d640,1,0,601.129,15.028,14.55,21.18,22.974,66.541,9641453,1068992,4648,self_vmhwm_guest
1791220453,nevers1dd,firecracker,full,d640,1,1,579.467,14.486,14.426,15.636,17.112,69.029,9641453,1068992,4652,self_vmhwm_guest
1791220453,nevers1dd,firecracker,full,d640,1,2,579.595,14.49,14.398,15.639,15.795,69.014,9641453,1068992,4684,self_vmhwm_guest
